type,name,contributionHash,fileName
Contribution,f2c74bf609159f27dd89a829501ec34d6596d8b39a2cce7add73a8207088817a,20bf66a15d0d436eb7dbe3dd399492a851419fc2a385a9f842dd4ea43e1fdae50d1c461982b81d3e2a976f8e5099ae4777fcf68aa64ff32be6d63fd1c854d4d9,withdraw_0002.zkey
Contribution,879ba3b25a51adef2a8e6bb5c9f3e2c6f60d851275f7d697ecffaa04d1573d06,67c863491b6e7fdd947a6ed6c3bc379ff1954d75e0db78e0e5c35f98becea55e8c976279ff155f3f71cda9ede253aee65ba01d36322a576fae45433d2c933447,withdraw_0003.zkey
Contribution,b7d8a10f20d218c517d82f42a14ba90e8255075694a521d2a5b6fe7ab38dec1c,5233c4265e3f8c1184f9c3c51b5e17c57c2350c4c64cdeb1341eda4ceb14dc59d2a8f744a8dbf1bf67c09849725bc33ba6164430807b6a595a1081404362ccb6,withdraw_0004.zkey
Contribution,7b09e459091997b89332035eca2fdcdb5dec8f6db4bf81c5c3c10fe535fbad49,b78d397d63f89beb767a859aa327c9527a938b2e78a36cb19581a84880c912bc4fd65ca6d95927809d991551e392c8a578a8c3cddd15fb67537e7f7a24fc45f7,withdraw_0005.zkey
Contribution,2e73947bec3ef622bef3231ed52f0e0c41ab06b179ffbfc6d3b461556be0393e,e6ee84caf2246dec2291055729f4283a300f6622a4a372eb6243e791504c669081e81f636b1a30eeae78718b0f7ea2344090978cca0cca9b723e2748984c1835,withdraw_0006.zkey
Contribution,7b09e459091997b89332035eca2fdcdb5dec8f6db4bf81c5c3c10fe535fbad49,910e0ccf1b54189d8eb97779f9f6c77ed7c5889740e19fcdd58811e5f438bc19f97d03f8f163ba3ab4569cc6f2de4e8e2ed012aaec57ca26b7da5bea9827ba6d,withdraw_0007.zkey
Contribution,49bc55a44c73b90320713c2125f6b8821c83a46b6c166a1fd8d7e9673a45e568,372e706b807b55ca34db225a3068adbf3a3b0c29da18f132c2c60b2a1ec859b1eb5941b0e3289ebc7df289f4c0c87cdab379549ea104a536a884ea18ab2a9b24,withdraw_0008.zkey
Contribution,add0d54c4b9fb5610849a72138eebfaaae0ba91e1a50702f9c154f5ba8d9d765,228e051c47c511d35927b1ad4ce15213c4c036045e540b38ebdf90e77bd525856c0553364faaefe788b838e2e39c456c102cfa2fbd64f38b1b0e196e4c74c10d,withdraw_0009.zkey
Contribution,7e7b5941351bfe1e23e37ffb0665a1041a682ecd2c8189054ccc94b16d3a21cd,2934a147c5e4e1824badc19949db15696d8066d37031d59d400c0f2af465301cefb1aa83ce8462bdf9098003ed833195f9a915d43b550bd90a6ba9ed8168be5c,withdraw_0010.zkey
Contribution,5a0e259f44b459ed4f95e2cd84ae766dc3f8d294d75daba6f1c12fc9da390a26,eda872b2ec0a8b972bdfc4592a8488600e8d18b1c03cd26c7719857786c2432d5b999a52a245f297fac56280268fb4a688bcaa8588d1bd1e007f47d72543ef7a,withdraw_0011.zkey
Contribution,fda00726521a938c751f3b2bc0e17daef7072a86f4840fb2b55434ad74e81da7,951ba008d91e02e8f19270b8fb5d7eccd223757ceac5fcd0de51082976713133dd1321491d563593b3e9505cbb4f4eba02c6cc9a4f6d8af631573453210ee68b,withdraw_0012.zkey
Contribution,c9febafe9ce5ce0ae9bb957c9cc0b7dac929daf059e464e7029d7b6698605cd1,776dfbd8dc75ed86eeab0e334fb4bc7ed1aa5e631b9c8e05c7152a61e2dee39164f73ae5b85c62374ef2a178fae35ee11f1660a78f3072137e14e7312e30bf26,withdraw_0013.zkey
Contribution,b2a47a9d37478d8a3ece5b5c84ec11fc60f58eeb684b2bd02e09d296a5541634,04d99e495308be567a9fcc4b1e4e516df25b8c0f082a1784823010f2bfda311f86b6911ea492b732a253407713294f407186760cdcd41e1e603fab91218593fc,withdraw_0014.zkey
Contribution,e049982be32ef4ca9706fd37ae7dbc2c8dd1e595e0eb403e8adf3e3697b9565f,f1a9a2410c5ddb23e9a3ebd56132b1ba2fcb8773ac858e56a0d45418ada2ef133737c60180c9de0b749b30a3cbeebf0deb1415065a66caa9cd7f80e21c1c22b5,withdraw_0015.zkey
Contribution,9f86d081884c7d659a2feaa0c55ad015a3bf4f1b2b0b822cd15d6c15b0f00a08,facbd7259a87d87cb5f1a5f5c26a18aecf6cbae8c9da63e38754bc1cc8d1f5270433203eaa03b53c3967cb3c5d23e4cacf78549cfca1c1bf59509b66e536fed8,withdraw_0016.zkey
Contribution,a8cfcd74832004951b4408cdb0a5dbcd8c7e52d43f7fe244bf720582e05241da,723cdcf29eaa4e7a94a2434de37bb4644ffae847300c0b3da2dc2d31e47759bb598b64ee5723064c9c2f9f8171664f7637908937b6c69802f111ba1cc1d8873a,withdraw_0017.zkey
